,year,to_country,score
0,1975,Belgium,-0.09707283228635788
1,1975,Finland,0.014095228165388107
2,1975,France,0.15038885176181793
3,1975,Germany,0.056200794875621796
4,1975,Ireland,0.00571109913289547
5,1975,Israel,-0.040808990597724915
6,1975,Italy,0.03890438750386238
7,1975,Luxembourg,-0.013978973031044006
8,1975,Malta,-0.08196282386779785
9,1975,Monaco,0.03323369845747948
10,1975,Netherlands,0.023289857432246208
11,1975,Norway,-0.01968974620103836
12,1975,Portugal,0.08680171519517899
13,1975,Spain,0.19456417858600616
14,1975,Sweden,-0.0375981405377388
15,1975,Switzerland,0.043459996581077576
16,1975,Turkey,-0.20058874785900116
17,1975,United Kingdom,0.06415080279111862
18,1975,Yugoslavia,-0.09268028289079666
19,1976,Austria,0.09127157181501389
20,1976,Belgium,-0.1512400358915329
21,1976,Finland,-0.10711907595396042
22,1976,France,-0.08552753925323486
23,1976,Germany,0.017451971769332886
24,1976,Greece,0.1848602592945099
25,1976,Ireland,-0.25440481305122375
26,1976,Israel,-0.018247462809085846
27,1976,Italy,0.08898086100816727
28,1976,Luxembourg,0.095185287296772
29,1976,Monaco,-0.0984281376004219
30,1976,Netherlands,0.004057145211845636
31,1976,Norway,-0.04540349170565605
32,1976,Portugal,-0.161714568734169
33,1976,Spain,0.06468721479177475
34,1976,Switzerland,-0.08622681349515915
35,1976,United Kingdom,-0.00025861861649900675
36,1976,Yugoslavia,-0.04740690067410469
37,1977,Austria,-0.1367233395576477
38,1977,Belgium,0.21020479500293732
39,1977,Finland,-0.12155818194150925
40,1977,France,-0.051046501845121384
41,1977,Germany,0.07754255086183548
42,1977,Greece,-0.23326395452022552
43,1977,Ireland,0.03352737799286842
44,1977,Israel,-0.09647690504789352
45,1977,Italy,-0.05072573199868202
46,1977,Luxembourg,-0.17391084134578705
47,1977,Monaco,-0.0357324555516243
48,1977,Netherlands,-0.03482593223452568
49,1977,Norway,0.07114507257938385
50,1977,Portugal,-0.026117442175745964
51,1977,Spain,-0.12539899349212646
52,1977,Sweden,-0.15152399241924286
53,1977,Switzerland,-0.09089940041303635
54,1977,United Kingdom,-0.07133784890174866
55,1978,Austria,0.060033515095710754
56,1978,Belgium,-0.044846612960100174
57,1978,Denmark,0.06339333206415176
58,1978,Finland,-0.051105935126543045
59,1978,France,-0.03299970552325249
60,1978,Germany,0.08525262773036957
61,1978,Greece,-0.03982853889465332
62,1978,Ireland,0.0027107507921755314
63,1978,Israel,-0.04245387390255928
64,1978,Italy,-0.012950604781508446
65,1978,Luxembourg,0.06309356540441513
66,1978,Monaco,0.08959692716598511
67,1978,Netherlands,0.2654308080673218
68,1978,Norway,-0.0477198101580143
69,1978,Portugal,-0.05371827632188797
70,1978,Spain,-0.13492392003536224
71,1978,Sweden,-0.016982583329081535
72,1978,Switzerland,0.03509470447897911
73,1978,Turkey,0.07663124799728394
74,1978,United Kingdom,0.1890796422958374
75,1979,Austria,-0.0071821813471615314
76,1979,Belgium,-0.004710647277534008
77,1979,Denmark,-0.05359526723623276
78,1979,Finland,0.0376434363424778
79,1979,France,-0.03986534848809242
80,1979,Germany,0.07934626191854477
81,1979,Greece,0.07913094758987427
82,1979,Ireland,-0.0883372500538826
83,1979,Israel,-0.04549114406108856
84,1979,Italy,-0.05962659418582916
85,1979,Luxembourg,-0.05500957369804382
86,1979,Monaco,-0.10274115204811096
87,1979,Netherlands,0.016355646774172783
88,1979,Norway,-0.013162980787456036
89,1979,Portugal,-0.2199046015739441
90,1979,Spain,-0.007810370530933142
91,1979,Sweden,-0.05430632084608078
92,1979,Switzerland,0.10903380066156387
93,1979,United Kingdom,-0.05911921337246895
94,1980,Austria,-0.1316898763179779
95,1980,Belgium,0.022196877747774124
96,1980,Denmark,-0.010513672605156898
97,1980,Finland,-0.039184506982564926
98,1980,France,-0.11257652193307877
99,1980,Germany,0.025962481275200844
100,1980,Greece,0.015933357179164886
101,1980,Ireland,0.010173365473747253
102,1980,Italy,-0.01602991670370102
103,1980,Luxembourg,-0.029076341539621353
104,1980,Morocco,0.13792580366134644
105,1980,Netherlands,-0.13302017748355865
106,1980,Norway,0.05115978792309761
107,1980,Portugal,0.012435280717909336
108,1980,Spain,0.06050317734479904
109,1980,Sweden,-0.021648099645972252
110,1980,Switzerland,0.054681699723005295
111,1980,United Kingdom,-0.06018215790390968
112,1981,Austria,-0.10509184002876282
113,1981,Belgium,0.011424367316067219
114,1981,Cyprus,-0.08407068997621536
115,1981,Denmark,-0.16382025182247162
116,1981,Finland,-0.02706305682659149
117,1981,France,-0.0006446075858548284
118,1981,Germany,0.047915324568748474
119,1981,Greece,-0.013424787670373917
120,1981,Ireland,-0.058560531586408615
121,1981,Israel,-0.033533573150634766
122,1981,Luxembourg,-0.03740095719695091
123,1981,Netherlands,-0.002919153543189168
124,1981,Norway,0.0861896425485611
125,1981,Portugal,0.10253386944532394
126,1981,Spain,-0.17624536156654358
127,1981,Sweden,0.06493283808231354
128,1981,Switzerland,0.17606276273727417
129,1981,Turkey,0.0829835757613182
130,1981,United Kingdom,0.06296177953481674
131,1981,Yugoslavia,-0.06136514991521835
132,1982,Austria,0.022760070860385895
133,1982,Belgium,-0.043569326400756836
134,1982,Cyprus,0.007879702374339104
135,1982,Denmark,0.07002608478069305
136,1982,Finland,0.013306928798556328
137,1982,Germany,0.08283557742834091
138,1982,Ireland,0.0031325905583798885
139,1982,Israel,0.07672898471355438
140,1982,Luxembourg,0.03936462104320526
141,1982,Netherlands,-0.06668224185705185
142,1982,Norway,0.05021483078598976
143,1982,Portugal,0.0421082079410553
144,1982,Spain,-0.06450380384922028
145,1982,Sweden,0.029550880193710327
146,1982,Switzerland,-0.04177389666438103
147,1982,Turkey,-0.05804916471242905
148,1982,United Kingdom,-0.061776746064424515
149,1982,Yugoslavia,-0.01444402989000082
150,1983,Austria,-0.012614704668521881
151,1983,Belgium,-0.006894828751683235
152,1983,Cyprus,0.11544069647789001
153,1983,Denmark,0.08137732744216919
154,1983,Finland,0.05632087588310242
155,1983,France,-0.0046791150234639645
156,1983,Germany,0.1432427167892456
157,1983,Greece,-0.152582585811615
158,1983,Israel,0.2985050082206726
159,1983,Italy,0.0975680947303772
160,1983,Luxembourg,0.0956905409693718
161,1983,Netherlands,0.08939480036497116
162,1983,Norway,-0.028028026223182678
163,1983,Portugal,-0.009111594408750534
164,1983,Spain,0.08384046703577042
165,1983,Sweden,0.04840242862701416
166,1983,Switzerland,-0.02242329716682434
167,1983,Turkey,-0.02747439034283161
168,1983,United Kingdom,0.20543374121189117
169,1983,Yugoslavia,0.0013424172066152096
170,1984,Austria,0.060289785265922546
171,1984,Belgium,0.07994870096445084
172,1984,Cyprus,0.031923215836286545
173,1984,Denmark,0.06389178335666656
174,1984,Finland,-0.046861737966537476
175,1984,France,0.1796286404132843
176,1984,Germany,0.06361917406320572
177,1984,Ireland,0.0520518496632576
178,1984,Italy,-0.030921166762709618
179,1984,Netherlands,0.06446217000484467
180,1984,Norway,-0.09305206686258316
181,1984,Portugal,-0.029133552685379982
182,1984,Spain,0.07602386176586151
183,1984,Sweden,-0.03332344442605972
184,1984,Switzerland,0.03524492308497429
185,1984,Turkey,0.01189064234495163
186,1984,United Kingdom,-0.1506185680627823
187,1984,Yugoslavia,-0.012110802344977856
188,1985,Austria,-0.07255429029464722
189,1985,Belgium,0.025448182597756386
190,1985,Cyprus,-0.11311111599206924
191,1985,Denmark,-0.0877908244729042
192,1985,Finland,-0.01763908937573433
193,1985,France,0.0028518852777779102
194,1985,Germany,-0.031779635697603226
195,1985,Greece,0.08290507644414902
196,1985,Ireland,-0.09633585810661316
197,1985,Israel,-0.01638912968337536
198,1985,Italy,-0.1045120507478714
199,1985,Luxembourg,0.3359149992465973
200,1985,Norway,0.0474916435778141
201,1985,Portugal,0.06716444343328476
202,1985,Spain,0.027432432398200035
203,1985,Sweden,-0.04168740659952164
204,1985,Switzerland,0.020381983369588852
205,1985,Turkey,0.07605793327093124
206,1985,United Kingdom,-0.001866101287305355
207,1986,Austria,-0.14156194031238556
208,1986,Belgium,0.25715136528015137
209,1986,Cyprus,-0.16601644456386566
210,1986,Denmark,0.09230611473321915
211,1986,Finland,0.11093723028898239
212,1986,France,-0.16172294318675995
213,1986,Germany,-0.0005626097554340959
214,1986,Iceland,0.04094426706433296
215,1986,Ireland,-0.03709651529788971
216,1986,Israel,0.17273922264575958
217,1986,Luxembourg,-0.1020449548959732
218,1986,Netherlands,0.07392194867134094
219,1986,Norway,-0.13962265849113464
220,1986,Portugal,-0.08248471468687057
221,1986,Spain,-0.03486039862036705
222,1986,Sweden,-0.030664946883916855
223,1986,Switzerland,0.22878283262252808
224,1986,Turkey,0.12243631482124329
225,1986,United Kingdom,0.026645515114068985
226,1986,Yugoslavia,0.012692266143858433
227,1987,Austria,-0.13981148600578308
228,1987,Belgium,-0.14957690238952637
229,1987,Cyprus,0.02721254713833332
230,1987,Denmark,-0.05713630095124245
231,1987,Finland,0.007663486059755087
232,1987,France,-0.0010330826044082642
233,1987,Germany,-0.16399136185646057
234,1987,Greece,-0.08396635949611664
235,1987,Iceland,-0.1198607087135315
236,1987,Ireland,0.04681416228413582
237,1987,Israel,-0.1368643194437027
238,1987,Italy,-0.03500733897089958
239,1987,Luxembourg,-0.0732882022857666
240,1987,Netherlands,0.05550701171159744
241,1987,Norway,-0.054598841816186905
242,1987,Portugal,-0.2049763798713684
243,1987,Spain,-0.09506258368492126
244,1987,Sweden,-0.07122240960597992
245,1987,Switzerland,-0.028643235564231873
246,1987,Turkey,-0.15074656903743744
247,1987,United Kingdom,-0.07641932368278503
248,1987,Yugoslavia,0.04519101232290268
249,1988,Austria,-0.02222834900021553
250,1988,Belgium,-0.02684994973242283
251,1988,Denmark,0.11559486389160156
252,1988,Finland,-0.15811185538768768
253,1988,France,-0.07309089601039886
254,1988,Germany,-0.0509437657892704
255,1988,Greece,0.017021670937538147
256,1988,Iceland,-0.22389209270477295
257,1988,Ireland,0.020970914512872696
258,1988,Israel,-0.04192604124546051
259,1988,Italy,-0.1340976059436798
260,1988,Luxembourg,-0.12934958934783936
261,1988,Netherlands,0.043938372284173965
262,1988,Norway,0.050523791462183
263,1988,Portugal,0.11875464022159576
264,1988,Spain,-0.014439454302191734
265,1988,Sweden,-0.15651501715183258
266,1988,Switzerland,0.17785866558551788
267,1988,Turkey,-0.01900697872042656
268,1988,United Kingdom,-0.08432590961456299
269,1988,Yugoslavia,0.1296580731868744
270,1989,Austria,0.02560037560760975
271,1989,Belgium,-0.0024402285926043987
272,1989,Cyprus,-0.023863552138209343
273,1989,Denmark,0.03517080098390579
274,1989,Finland,-0.0723826065659523
275,1989,France,-0.011713209562003613
276,1989,Germany,0.04360991343855858
277,1989,Greece,0.005261925980448723
278,1989,Iceland,-0.0213555209338665
279,1989,Ireland,0.010861980728805065
280,1989,Israel,-0.15129248797893524
281,1989,Italy,0.11098738759756088
282,1989,Luxembourg,-0.09412772208452225
283,1989,Netherlands,0.030413618311285973
284,1989,Norway,-0.05800299346446991
285,1989,Portugal,-0.14945703744888306
286,1989,Spain,-0.06892804056406021
287,1989,Sweden,0.04436745494604111
288,1989,Switzerland,0.04009795933961868
289,1989,Turkey,0.028771698474884033
290,1989,United Kingdom,0.11770572513341904
291,1989,Yugoslavia,-0.0227943304926157
292,1990,Austria,-0.14952883124351501
293,1990,Belgium,0.015323725529015064
294,1990,Cyprus,-0.018964966759085655
295,1990,Denmark,-0.05086268112063408
296,1990,Finland,-0.06500020623207092
297,1990,France,-0.09570219367742538
298,1990,Germany,-0.10476423799991608
299,1990,Greece,0.08993525058031082
300,1990,Iceland,0.1738642156124115
301,1990,Ireland,-0.05614353343844414
302,1990,Israel,0.11151090264320374
303,1990,Italy,-0.06014251708984375
304,1990,Luxembourg,-0.13502703607082367
305,1990,Netherlands,0.19821156561374664
306,1990,Norway,-0.1100405752658844
307,1990,Portugal,0.08395680785179138
308,1990,Spain,0.011627919971942902
309,1990,Sweden,-0.029694680124521255
310,1990,Switzerland,-0.07454730570316315
311,1990,Turkey,0.04819700866937637
312,1990,United Kingdom,-0.1736142337322235
313,1990,Yugoslavia,-0.019843583926558495
314,1991,Austria,0.24777169525623322
315,1991,Belgium,-0.09027087688446045
316,1991,Cyprus,-0.130724236369133
317,1991,Denmark,0.08448904752731323
318,1991,Finland,-0.14319121837615967
319,1991,France,-0.0969192385673523
320,1991,Germany,-0.1835489422082901
321,1991,Greece,0.24745866656303406
322,1991,Iceland,0.06669828295707703
323,1991,Ireland,-0.030291343107819557
324,1991,Israel,-0.1151522696018219
325,1991,Italy,-0.17900539934635162
326,1991,Luxembourg,0.17674657702445984
327,1991,Malta,-0.12833406031131744
328,1991,Norway,0.007580666337162256
329,1991,Portugal,0.08053773641586304
330,1991,Spain,-0.0022692151833325624
331,1991,Sweden,0.062272679060697556
332,1991,Switzerland,-0.04841742292046547
333,1991,Turkey,0.1873849779367447
334,1991,United Kingdom,-0.18703238666057587
335,1991,Yugoslavia,-0.11644714325666428
336,1992,Austria,-0.051267169415950775
337,1992,Belgium,0.11656245589256287
338,1992,Cyprus,-0.04308842122554779
339,1992,Denmark,0.07396365702152252
340,1992,Finland,-0.0966075211763382
341,1992,France,-0.05663684010505676
342,1992,Germany,0.20811410248279572
343,1992,Greece,-0.07352961599826813
344,1992,Iceland,0.0752822682261467
345,1992,Ireland,0.0498659648001194
346,1992,Israel,-0.043027449399232864
347,1992,Italy,0.05669306218624115
348,1992,Luxembourg,-0.03269214183092117
349,1992,Malta,-0.12216971069574356
350,1992,Netherlands,0.28865405917167664
351,1992,Norway,-0.04445462301373482
352,1992,Portugal,0.06734082847833633
353,1992,Spain,0.0272854994982481
354,1992,Sweden,-0.1273030936717987
355,1992,Switzerland,0.03641162067651749
356,1992,Turkey,-0.06493575870990753
357,1992,United Kingdom,-0.06194761022925377
358,1992,Yugoslavia,-0.09213045984506607
359,1993,Austria,0.16411489248275757
360,1993,Belgium,0.009825106710195541
361,1993,Bosnia & Herzegovina,-0.06589717417955399
362,1993,Croatia,0.01810554414987564
363,1993,Cyprus,0.03215339034795761
364,1993,Denmark,-0.018801014870405197
365,1993,Finland,0.04254867509007454
366,1993,France,-0.030947193503379822
367,1993,Germany,0.048411775380373
368,1993,Greece,-0.008539284579455853
369,1993,Iceland,0.038212113082408905
370,1993,Ireland,-0.05399676784873009
371,1993,Israel,-0.03935780003666878
372,1993,Italy,-0.15096792578697205
373,1993,Luxembourg,0.05949246883392334
374,1993,Malta,-0.022553198039531708
375,1993,Netherlands,-0.040118034929037094
376,1993,Norway,-0.14888982474803925
377,1993,Portugal,0.12040972709655762
378,1993,Slovenia,-0.17187827825546265
379,1993,Spain,0.1998952031135559
380,1993,Sweden,-0.04726424440741539
381,1993,Switzerland,0.03976602107286453
382,1993,Turkey,-0.017469417303800583
383,1993,United Kingdom,-0.031310949474573135
384,1994,Austria,-0.16296382248401642
385,1994,Bosnia & Herzegovina,0.08903037756681442
386,1994,Croatia,-0.0251048244535923
387,1994,Cyprus,-0.08386168628931046
388,1994,Estonia,-0.03446138650178909
389,1994,Finland,-0.04162435606122017
390,1994,France,-0.003517529694363475
391,1994,Germany,0.1028607189655304
392,1994,Greece,-0.05542236566543579
393,1994,Hungary,-0.12114568054676056
394,1994,Iceland,0.0025289233308285475
395,1994,Ireland,-0.1433749943971634
396,1994,Lithuania,-0.04001682251691818
397,1994,Malta,-0.06059320643544197
398,1994,Netherlands,-0.0963127389550209
399,1994,Norway,-0.027286484837532043
400,1994,Poland,0.005687607452273369
401,1994,Portugal,-0.1138768121600151
402,1994,Romania,-0.03493344783782959
403,1994,Russia,-0.15568256378173828
404,1994,Slovakia,-0.11322520673274994
405,1994,Spain,0.022379150614142418
406,1994,Sweden,-0.07472376525402069
407,1994,Switzerland,-0.14804543554782867
408,1994,United Kingdom,0.02068992331624031
409,1995,Austria,0.18245726823806763
410,1995,Belgium,-0.04497021809220314
411,1995,Bosnia & Herzegovina,-0.006331307347863913
412,1995,Croatia,-0.019777458161115646
413,1995,Cyprus,-0.10045519471168518
414,1995,Denmark,-0.16363145411014557
415,1995,France,-0.05843667313456535
416,1995,Germany,0.01293284259736538
417,1995,Greece,-0.10812484472990036
418,1995,Hungary,-0.09653513878583908
419,1995,Iceland,-0.034236595034599304
420,1995,Ireland,0.03991531580686569
421,1995,Israel,0.02445974573493004
422,1995,Malta,-0.10609056055545807
423,1995,Norway,-0.008622280322015285
424,1995,Poland,-0.05339891090989113
425,1995,Portugal,0.06625580787658691
426,1995,Russia,-0.11040671169757843
427,1995,Slovenia,-0.11780835688114166
428,1995,Spain,0.07826245576143265
429,1995,Sweden,-0.014889474958181381
430,1995,Turkey,0.1153484359383583
431,1995,United Kingdom,-0.057103231549263
432,1996,Austria,-0.013939602300524712
433,1996,Belgium,-0.038251735270023346
434,1996,Bosnia & Herzegovina,-0.08568397909402847
435,1996,Croatia,-0.014431147836148739
436,1996,Cyprus,-0.02527649514377117
437,1996,Estonia,0.03516374155879021
438,1996,Finland,-0.10122118890285492
439,1996,France,-0.07885535061359406
440,1996,Greece,-0.02875303290784359
441,1996,Iceland,-0.005171583965420723
442,1996,Ireland,-0.06955663859844208
443,1996,Malta,0.03028026781976223
444,1996,Netherlands,0.16223983466625214
445,1996,Norway,0.049110401421785355
446,1996,Poland,-0.004252368118613958
447,1996,Portugal,0.1320001482963562
448,1996,Slovakia,-0.017360206693410873
449,1996,Slovenia,0.02023444138467312
450,1996,Spain,-0.027249528095126152
451,1996,Sweden,0.004890797194093466
452,1996,Switzerland,-0.026645086705684662
453,1996,Turkey,0.012803708203136921
454,1996,United Kingdom,0.051841218024492264
455,1997,Austria,0.009618612006306648
456,1997,Bosnia & Herzegovina,0.15062254667282104
457,1997,Croatia,0.13244931399822235
458,1997,Cyprus,-0.03414620831608772
459,1997,Denmark,-0.002933412091806531
460,1997,Estonia,0.06327498704195023
461,1997,France,0.02593064308166504
462,1997,Germany,-0.0278993621468544
463,1997,Greece,-0.03194306790828705
464,1997,Hungary,-0.1186690628528595
465,1997,Iceland,-0.07980268448591232
466,1997,Ireland,-0.035366807132959366
467,1997,Italy,-0.12816905975341797
468,1997,Malta,-0.10853442549705505
469,1997,Netherlands,0.017620107159018517
470,1997,Norway,-0.1487412303686142
471,1997,Poland,0.028366830199956894
472,1997,Portugal,-0.08009527623653412
473,1997,Russia,0.04487130790948868
474,1997,Slovenia,-0.07257098704576492
475,1997,Spain,-0.12010553479194641
476,1997,Sweden,-0.14806152880191803
477,1997,Switzerland,-0.13837550580501556
478,1997,Turkey,-0.028250649571418762
479,1997,United Kingdom,-0.044530779123306274
480,1998,Belgium,0.0025290772318840027
481,1998,Croatia,-0.10293244570493698
482,1998,Cyprus,-0.09936848282814026
483,1998,Estonia,-0.08298763632774353
484,1998,Finland,-0.13464340567588806
485,1998,France,0.13949871063232422
486,1998,Germany,-0.032398197799921036
487,1998,Greece,-0.00895435456186533
488,1998,Hungary,-0.01337550301104784
489,1998,Ireland,-0.03591451048851013
490,1998,Israel,-0.013476382941007614
491,1998,Malta,0.09631014615297318
492,1998,Netherlands,-0.0005833084578625858
493,1998,North Macedonia,0.027483373880386353
494,1998,Norway,0.0802827775478363
495,1998,Poland,-0.045623067766427994
496,1998,Portugal,0.03406853228807449
497,1998,Romania,0.07765425741672516
498,1998,Slovakia,-0.07490557432174683
499,1998,Slovenia,0.016652990132570267
500,1998,Spain,-0.09139727801084518
501,1998,Sweden,-0.050912123173475266
502,1998,Switzerland,-0.10225506871938705
503,1998,Turkey,0.09278447180986404
504,1998,United Kingdom,0.010582990944385529
505,1999,Austria,0.03772186487913132
506,1999,Belgium,-0.1059255450963974
507,1999,Croatia,-0.006250000558793545
508,1999,Cyprus,0.093716561794281
509,1999,Denmark,0.019243735820055008
510,1999,Estonia,0.023375142365694046
511,1999,France,-0.036898594349622726
512,1999,Germany,0.018946297466754913
513,1999,Iceland,0.026367520913481712
514,1999,Ireland,-0.01201380044221878
515,1999,Israel,-0.02673378773033619
516,1999,Lithuania,0.12740175426006317
517,1999,Malta,-0.017330560833215714
518,1999,Netherlands,0.0854216068983078
519,1999,Norway,0.06600222736597061
520,1999,Poland,0.10440097004175186
521,1999,Portugal,0.08077328652143478
522,1999,Slovenia,-0.024878401309251785
523,1999,Spain,0.04166467860341072
524,1999,Sweden,-0.029799217358231544
525,1999,Turkey,0.04700535535812378
526,1999,United Kingdom,0.16860991716384888
527,2000,Austria,0.08041416108608246
528,2000,Belgium,-0.054548479616642
529,2000,Croatia,-0.026858730241656303
530,2000,Cyprus,-0.03341607749462128
531,2000,Denmark,0.07053729146718979
532,2000,Estonia,0.04302438721060753
533,2000,Finland,0.05458565428853035
534,2000,France,0.025793561711907387
535,2000,Germany,0.013147696852684021
536,2000,Iceland,0.013829751871526241
537,2000,Ireland,0.05173005908727646
538,2000,Israel,-0.06448627263307571
539,2000,Latvia,0.049087632447481155
540,2000,Malta,0.09561954438686371
541,2000,Netherlands,-0.012412553653120995
542,2000,Norway,0.087569460272789
543,2000,Romania,-0.14148925244808197
544,2000,Russia,0.11764280498027802
545,2000,Spain,-0.08144441992044449
546,2000,Sweden,-0.0691484585404396
547,2000,Switzerland,0.030370140448212624
548,2000,Turkey,-0.05555415898561478
549,2000,United Kingdom,-0.013556799851357937
550,2001,Bosnia & Herzegovina,-0.08835088461637497
551,2001,Croatia,0.07037151604890823
552,2001,Denmark,0.10706894844770432
553,2001,Estonia,0.008142276667058468
554,2001,France,-0.00573186157271266
555,2001,Germany,0.04871632903814316
556,2001,Greece,0.02270379289984703
557,2001,Iceland,0.017139289528131485
558,2001,Ireland,0.00806382019072771
559,2001,Israel,-0.09887858480215073
560,2001,Latvia,-0.05510912463068962
561,2001,Lithuania,0.1027161180973053
562,2001,Malta,-0.004237305838614702
563,2001,Netherlands,-0.03151204437017441
564,2001,Norway,0.038218848407268524
565,2001,Poland,0.08930707722902298
566,2001,Portugal,0.05387303605675697
567,2001,Russia,0.008023635484278202
568,2001,Slovenia,0.20228469371795654
569,2001,Spain,0.14616574347019196
570,2001,Sweden,0.024853602051734924
571,2001,Turkey,0.16075846552848816
572,2001,United Kingdom,-0.07318418473005295
573,2002,Austria,0.024043364450335503
574,2002,Belgium,0.01984996721148491
575,2002,Bosnia & Herzegovina,-0.14511097967624664
576,2002,Croatia,0.11402978748083115
577,2002,Cyprus,0.005768653936684132
578,2002,Denmark,0.02105073817074299
579,2002,Estonia,0.10694791376590729
580,2002,Finland,0.08634120225906372
581,2002,France,0.059972554445266724
582,2002,Germany,0.013180405832827091
583,2002,Greece,-0.12810438871383667
584,2002,Israel,0.14693482220172882
585,2002,Latvia,0.18765579164028168
586,2002,Lithuania,0.008444279432296753
587,2002,Malta,0.13385683298110962
588,2002,North Macedonia,0.06212425231933594
589,2002,Romania,0.15457892417907715
590,2002,Russia,0.05382931977510452
591,2002,Slovenia,0.010209720581769943
592,2002,Spain,-0.07053006440401077
593,2002,Sweden,0.04219769686460495
594,2002,Switzerland,0.03813895210623741
595,2002,Turkey,-0.005257091950625181
596,2002,United Kingdom,0.03709837421774864
597,2003,Austria,-0.12766216695308685
598,2003,Belgium,0.013953989371657372
599,2003,Bosnia & Herzegovina,0.031306568533182144
600,2003,Croatia,0.10149304568767548
601,2003,Cyprus,-0.027700310572981834
602,2003,Estonia,0.30184364318847656
603,2003,France,-0.04337967559695244
604,2003,Germany,0.2018163949251175
605,2003,Greece,-0.034080374985933304
606,2003,Iceland,0.06154131144285202
607,2003,Ireland,0.11409866809844971
608,2003,Israel,0.0739852786064148
609,2003,Latvia,0.1648242324590683
610,2003,Malta,-0.000257145962677896
611,2003,Netherlands,0.0688878744840622
612,2003,Norway,0.036482635885477066
613,2003,Poland,-0.029369011521339417
614,2003,Portugal,-0.003868447383865714
615,2003,Romania,0.056886982172727585
616,2003,Russia,0.06090164557099342
617,2003,Slovenia,0.02379319630563259
618,2003,Spain,-0.01840599998831749
619,2003,Sweden,0.030865324661135674
620,2003,Turkey,0.06501232832670212
621,2003,Ukraine,0.09055142849683762
622,2003,United Kingdom,0.007709674537181854
623,2004,Albania,-0.060020312666893005
624,2004,Andorra,0.09619712829589844
625,2004,Austria,-0.04671049863100052
626,2004,Belarus,0.019994400441646576
627,2004,Belgium,0.0067579555325210094
628,2004,Bosnia & Herzegovina,-0.11231238394975662
629,2004,Croatia,-0.10715221613645554
630,2004,Cyprus,0.09062281250953674
631,2004,Denmark,-0.04486577585339546
632,2004,Estonia,0.05105606094002724
633,2004,Finland,-0.016536349430680275
634,2004,France,0.04552970454096794
635,2004,Germany,-0.030719563364982605
636,2004,Greece,-0.06593701243400574
637,2004,Iceland,-0.08424828201532364
638,2004,Ireland,-0.19453661143779755
639,2004,Israel,-0.22272519767284393
640,2004,Latvia,0.17663344740867615
641,2004,Lithuania,0.14748066663742065
642,2004,Malta,0.03237657621502876
643,2004,Monaco,0.0261393915861845
644,2004,Netherlands,0.00213646306656301
645,2004,North Macedonia,-0.0013735227985307574
646,2004,Norway,0.03311827406287193
647,2004,Poland,-0.0045047178864479065
648,2004,Portugal,0.048502665013074875
649,2004,Romania,0.11349562555551529
650,2004,Russia,-0.06874334067106247
651,2004,Serbia & Montenegro,0.23117730021476746
652,2004,Slovenia,0.0709252879023552
653,2004,Spain,0.001575906528159976
654,2004,Sweden,-0.033753130584955215
655,2004,Switzerland,0.02080850675702095
656,2004,Turkey,0.0022471954580396414
657,2004,Ukraine,0.039311397820711136
658,2004,United Kingdom,-0.019350122660398483
659,2005,Albania,-0.06113620102405548
660,2005,Andorra,0.01013176143169403
661,2005,Austria,0.045903902500867844
662,2005,Belarus,0.0062655676156282425
663,2005,Belgium,-0.017375918105244637
664,2005,Bosnia & Herzegovina,-0.14679907262325287
665,2005,Bulgaria,-0.03806193172931671
666,2005,Croatia,-0.12316865473985672
667,2005,Cyprus,-0.11955935508012772
668,2005,Denmark,-0.015119586139917374
669,2005,Estonia,-0.06980825215578079
670,2005,Finland,-0.02299109846353531
671,2005,France,0.05220536142587662
672,2005,Germany,0.14608842134475708
673,2005,Greece,-0.10549157857894897
674,2005,Hungary,-0.025466684252023697
675,2005,Iceland,0.013959103263914585
676,2005,Ireland,0.14439748227596283
677,2005,Israel,0.10760599374771118
678,2005,Latvia,-0.06421571224927902
679,2005,Lithuania,0.0149027518928051
680,2005,Malta,-0.09453342109918594
681,2005,Moldova,-0.05864051729440689
682,2005,Monaco,-0.032472480088472366
683,2005,Netherlands,0.03556795418262482
684,2005,North Macedonia,-0.06396906822919846
685,2005,Norway,-0.003115864936262369
686,2005,Poland,-0.05962098017334938
687,2005,Portugal,-0.007538164965808392
688,2005,Romania,0.05112888664007187
689,2005,Russia,-0.1392015665769577
690,2005,Serbia & Montenegro,-0.06304468214511871
691,2005,Slovenia,-0.06887096911668777
692,2005,Spain,-0.00015421578427776694
693,2005,Sweden,-0.05196001008152962
694,2005,Switzerland,-0.08292184770107269
695,2005,Turkey,0.037820249795913696
696,2005,Ukraine,0.03052300587296486
697,2005,United Kingdom,0.10410192608833313
698,2006,Albania,-0.05332028493285179
699,2006,Andorra,-0.07378807663917542
700,2006,Armenia,-0.018299855291843414
701,2006,Belarus,-0.03544556349515915
702,2006,Belgium,-0.04966376721858978
703,2006,Bosnia & Herzegovina,0.047775834798812866
704,2006,Bulgaria,0.05816685035824776
705,2006,Croatia,-0.004931194242089987
706,2006,Cyprus,-0.08669725060462952
707,2006,Denmark,0.048111945390701294
708,2006,Estonia,-0.04852963238954544
709,2006,Finland,-0.01098436489701271
710,2006,France,0.009039046242833138
711,2006,Germany,-0.09485812485218048
712,2006,Greece,0.09687316417694092
713,2006,Iceland,0.02122425101697445
714,2006,Ireland,0.021850114688277245
715,2006,Israel,-0.004528788849711418
716,2006,Latvia,-0.01183116715401411
717,2006,Lithuania,-0.03543805703520775
718,2006,Malta,-0.11726413667201996
719,2006,Moldova,-0.021172305569052696
720,2006,Monaco,-0.005599470343440771
721,2006,Netherlands,-0.021030211821198463
722,2006,North Macedonia,0.003919832408428192
723,2006,Norway,-0.08785729855298996
724,2006,Poland,-0.029369011521339417
725,2006,Portugal,0.006547730881720781
726,2006,Romania,-0.09978099167346954
727,2006,Russia,-0.09462617337703705
728,2006,Slovenia,-0.04562460631132126
729,2006,Spain,-0.04943046718835831
730,2006,Sweden,-0.036838091909885406
731,2006,Switzerland,-0.0006748693413101137
732,2006,Turkey,-0.03646969050168991
733,2006,Ukraine,0.0648442953824997
734,2006,United Kingdom,0.08696479350328445
735,2007,Albania,-0.041098158806562424
736,2007,Andorra,-0.06350665539503098
737,2007,Armenia,-0.03156251087784767
738,2007,Austria,-0.0882493108510971
739,2007,Belarus,0.03639599308371544
740,2007,Belgium,0.01819942519068718
741,2007,Bosnia & Herzegovina,-0.0641849935054779
742,2007,Bulgaria,-0.027641206979751587
743,2007,Croatia,-0.05779159069061279
744,2007,Cyprus,-0.021245483309030533
745,2007,Czech Republic,-0.057937268167734146
746,2007,Denmark,-0.14975319802761078
747,2007,Estonia,0.004660168197005987
748,2007,Finland,0.08665380626916885
749,2007,France,-0.049226049333810806
750,2007,Georgia,-0.010806289501488209
751,2007,Germany,-0.03458503261208534
752,2007,Greece,-0.04184967279434204
753,2007,Hungary,0.06108308210968971
754,2007,Iceland,0.038581836968660355
755,2007,Ireland,0.01814533770084381
756,2007,Israel,-0.09056607633829117
757,2007,Latvia,0.06848323345184326
758,2007,Lithuania,-0.12870857119560242
759,2007,Malta,0.05925273150205612
760,2007,Moldova,0.05889473482966423
761,2007,Montenegro,0.01794653944671154
762,2007,Netherlands,-0.008990083821117878
763,2007,North Macedonia,-0.045333828777074814
764,2007,Norway,-0.025040414184331894
765,2007,Poland,0.03397352620959282
766,2007,Portugal,0.015498335473239422
767,2007,Romania,-0.12083887308835983
768,2007,Russia,-0.053375303745269775
769,2007,Serbia,0.07856675982475281
770,2007,Slovenia,0.021944940090179443
771,2007,Spain,-0.06222013011574745
772,2007,Sweden,-0.10809126496315002
773,2007,Switzerland,-0.11661620438098907
774,2007,Turkey,0.017338253557682037
775,2007,Ukraine,-0.011878732591867447
776,2007,United Kingdom,-0.048699621111154556
777,2008,Albania,-0.06795958429574966
778,2008,Andorra,-0.1611529439687729
779,2008,Armenia,0.15032336115837097
780,2008,Azerbaijan,0.1064102053642273
781,2008,Belarus,-0.010719312354922295
782,2008,Belgium,-0.10287026315927505
783,2008,Bosnia & Herzegovina,0.0703665241599083
784,2008,Bulgaria,-0.09316456317901611
785,2008,Croatia,-0.02354714833199978
786,2008,Cyprus,-0.03364427387714386
787,2008,Czech Republic,0.11381299048662186
788,2008,Denmark,-0.08553813397884369
789,2008,Estonia,-0.035808298736810684
790,2008,Finland,-0.0917913094162941
791,2008,France,-0.02382722683250904
792,2008,Georgia,0.002036851830780506
793,2008,Germany,0.012759546749293804
794,2008,Greece,0.0535455048084259
795,2008,Hungary,-0.1329772025346756
796,2008,Iceland,-0.05831573158502579
797,2008,Ireland,-0.020022425800561905
798,2008,Israel,0.04641113430261612
799,2008,Latvia,0.006649922113865614
800,2008,Lithuania,-0.054761286824941635
801,2008,Malta,-0.1520782709121704
802,2008,Moldova,0.16058187186717987
803,2008,Montenegro,0.07054402679204941
804,2008,Netherlands,-0.029076043516397476
805,2008,North Macedonia,-0.0722573772072792
806,2008,Norway,0.1912638396024704
807,2008,Poland,0.04388134554028511
808,2008,Portugal,-0.04198993369936943
809,2008,Romania,0.08163607120513916
810,2008,Russia,0.09455493837594986
811,2008,San Marino,-0.18974405527114868
812,2008,Serbia,-0.08852533996105194
813,2008,Slovenia,-0.08497405797243118
814,2008,Spain,0.05775018408894539
815,2008,Sweden,0.029401911422610283
816,2008,Switzerland,-0.04748506098985672
817,2008,Turkey,0.014699399471282959
818,2008,Ukraine,0.056804582476615906
819,2008,United Kingdom,-0.01495746336877346
820,2009,Albania,-0.01617281697690487
821,2009,Andorra,-0.006832587067037821
822,2009,Armenia,0.030043255537748337
823,2009,Azerbaijan,0.08968165516853333
824,2009,Belarus,-0.02979779802262783
825,2009,Belgium,0.09199812263250351
826,2009,Bosnia & Herzegovina,0.023747889325022697
827,2009,Bulgaria,-0.09838175028562546
828,2009,Croatia,-0.025885436683893204
829,2009,Cyprus,-0.03969135135412216
830,2009,Czech Republic,-0.030689645558595657
831,2009,Denmark,0.0044662440195679665
832,2009,Estonia,0.07967923581600189
833,2009,Finland,0.06468212604522705
834,2009,France,0.06650244444608688
835,2009,Germany,0.011136410757899284
836,2009,Greece,-0.02922472171485424
837,2009,Hungary,-0.02483849972486496
838,2009,Iceland,0.012977738864719868
839,2009,Ireland,-0.13160336017608643
840,2009,Israel,0.08278675377368927
841,2009,Latvia,-0.036976639181375504
842,2009,Lithuania,0.03862621635198593
843,2009,Malta,0.007746126968413591
844,2009,Moldova,0.14101600646972656
845,2009,Montenegro,-0.060405220836400986
846,2009,Netherlands,-0.008306066505610943
847,2009,North Macedonia,-0.09313873946666718
848,2009,Norway,0.10066022723913193
849,2009,Poland,0.0014313331339508295
850,2009,Portugal,0.08253723382949829
851,2009,Romania,0.011456777341663837
852,2009,Russia,0.011928511783480644
853,2009,Serbia,0.017319412901997566
854,2009,Slovakia,-0.019753437489271164
855,2009,Slovenia,-0.12477836012840271
856,2009,Spain,0.04635080322623253
857,2009,Sweden,0.0075606475584208965
858,2009,Switzerland,-0.07589759677648544
859,2009,Turkey,-0.08365528285503387
860,2009,Ukraine,0.03425244987010956
861,2009,United Kingdom,0.043546780943870544
862,2010,Albania,0.3423623740673065
863,2010,Armenia,0.08497433364391327
864,2010,Azerbaijan,0.015485165640711784
865,2010,Belarus,0.0609525591135025
866,2010,Belgium,0.3794299364089966
867,2010,Bosnia & Herzegovina,0.3804861009120941
868,2010,Bulgaria,-0.011120812967419624
869,2010,Croatia,-0.19134323298931122
870,2010,Cyprus,0.35146617889404297
871,2010,Denmark,0.30583566427230835
872,2010,Estonia,0.06202922388911247
873,2010,Finland,0.04440968856215477
874,2010,France,0.2054712474346161
875,2010,Georgia,0.08900727331638336
876,2010,Germany,0.2647520899772644
877,2010,Greece,0.1136075034737587
878,2010,Iceland,0.4878684878349304
879,2010,Ireland,0.1418641358613968
880,2010,Israel,0.22819872200489044
881,2010,Latvia,0.055281203240156174
882,2010,Lithuania,-0.03939562663435936
883,2010,Malta,-0.07111570239067078
884,2010,Moldova,0.0649707019329071
885,2010,Netherlands,0.09712671488523483
886,2010,North Macedonia,0.042955052107572556
887,2010,Norway,0.4138782322406769
888,2010,Poland,0.22818651795387268
889,2010,Portugal,0.2447650283575058
890,2010,Romania,0.8515719175338745
891,2010,Russia,0.3224163353443146
892,2010,Serbia,0.3698117434978485
893,2010,Slovakia,0.0836755558848381
894,2010,Slovenia,-0.00476381229236722
895,2010,Spain,0.7624191045761108
896,2010,Sweden,-0.10364523530006409
897,2010,Switzerland,0.01769072562456131
898,2010,Turkey,0.2094053030014038
899,2010,Ukraine,0.7470822334289551
900,2010,United Kingdom,0.0869172066450119
901,2011,Albania,0.007146814838051796
902,2011,Armenia,0.012856186367571354
903,2011,Austria,-0.09598007053136826
904,2011,Azerbaijan,0.05811187997460365
905,2011,Belarus,-0.199232280254364
906,2011,Belgium,-0.07220041006803513
907,2011,Bosnia & Herzegovina,-0.06790782511234283
908,2011,Bulgaria,0.11242717504501343
909,2011,Croatia,-0.06615446507930756
910,2011,Cyprus,-0.12237955629825592
911,2011,Denmark,0.061418574303388596
912,2011,Estonia,-0.01650754176080227
913,2011,Finland,-0.05913124233484268
914,2011,France,-0.1254386156797409
915,2011,Georgia,-0.02682577632367611
916,2011,Germany,-0.007110675796866417
917,2011,Greece,-0.0033464550506323576
918,2011,Hungary,0.022549141198396683
919,2011,Iceland,0.015071018598973751
920,2011,Ireland,-0.002214779844507575
921,2011,Israel,-0.05199247598648071
922,2011,Italy,-0.1383885145187378
923,2011,Latvia,-0.04168115556240082
924,2011,Lithuania,0.019722850993275642
925,2011,Malta,-0.12294050306081772
926,2011,Moldova,-0.07555218040943146
927,2011,Netherlands,-0.03218935802578926
928,2011,North Macedonia,0.05744430795311928
929,2011,Norway,-0.1041724756360054
930,2011,Poland,-0.08790306001901627
931,2011,Portugal,0.051612623035907745
932,2011,Romania,-0.05146833136677742
933,2011,Russia,0.17778368294239044
934,2011,San Marino,-0.08902253955602646
935,2011,Serbia,0.03471555933356285
936,2011,Slovakia,0.05283099040389061
937,2011,Slovenia,0.07327817380428314
938,2011,Spain,0.018457913771271706
939,2011,Sweden,-0.045498091727495193
940,2011,Switzerland,-0.05121192708611488
941,2011,Turkey,-0.04305407777428627
942,2011,Ukraine,0.07803034037351608
943,2011,United Kingdom,0.051761530339717865
944,2012,Albania,0.12917813658714294
945,2012,Austria,-0.033817969262599945
946,2012,Azerbaijan,0.061156660318374634
947,2012,Belarus,-0.06331296265125275
948,2012,Belgium,0.03932055085897446
949,2012,Bosnia & Herzegovina,-0.03988341987133026
950,2012,Bulgaria,0.0055835675448179245
951,2012,Croatia,0.037138961255550385
952,2012,Cyprus,0.16333390772342682
953,2012,Denmark,-0.10564743727445602
954,2012,Estonia,-0.11864664405584335
955,2012,Finland,-0.03250538185238838
956,2012,France,-0.19718345999717712
957,2012,Georgia,0.09014048427343369
958,2012,Germany,-0.027660449966788292
959,2012,Greece,-0.1638609617948532
960,2012,Hungary,-0.015689389780163765
961,2012,Iceland,-0.012560764327645302
962,2012,Ireland,-0.26524674892425537
963,2012,Israel,-0.08803358674049377
964,2012,Italy,-0.09665767103433609
965,2012,Latvia,-0.08791742473840714
966,2012,Lithuania,-0.07489790767431259
967,2012,Malta,-0.04271630942821503
968,2012,Moldova,-0.0682530552148819
969,2012,Montenegro,-0.07598018646240234
970,2012,Netherlands,0.06732377409934998
971,2012,North Macedonia,-0.012200133875012398
972,2012,Norway,-0.10650405287742615
973,2012,Portugal,0.01806691661477089
974,2012,Romania,-0.01128066424280405
975,2012,Russia,0.027159053832292557
976,2012,San Marino,0.02575911022722721
977,2012,Serbia,0.10991524904966354
978,2012,Slovakia,-0.14298808574676514
979,2012,Slovenia,-0.00877066794782877
980,2012,Spain,-0.08020327985286713
981,2012,Sweden,0.09120220690965652
982,2012,Switzerland,-0.155592679977417
983,2012,Turkey,0.025739289820194244
984,2012,Ukraine,0.09849578887224197
985,2012,United Kingdom,-0.0942346528172493
986,2013,Albania,-0.03829911723732948
987,2013,Armenia,-0.12588277459144592
988,2013,Austria,-0.1419682800769806
989,2013,Azerbaijan,-0.015187458135187626
990,2013,Belarus,-0.0494890958070755
991,2013,Belgium,-0.07630034536123276
992,2013,Bulgaria,-0.058288365602493286
993,2013,Croatia,0.010742994956672192
994,2013,Cyprus,-0.0417698435485363
995,2013,Denmark,-0.04204372689127922
996,2013,Estonia,0.027635401114821434
997,2013,Finland,-0.09404794126749039
998,2013,France,-0.07698167115449905
999,2013,Georgia,-0.0891014114022255
1000,2013,Germany,0.03133655712008476
1001,2013,Greece,0.06191016361117363
1002,2013,Hungary,-0.058733560144901276
1003,2013,Iceland,-0.07615665346384048
1004,2013,Ireland,-0.005683694966137409
1005,2013,Israel,0.01928279548883438
1006,2013,Italy,0.00550245214253664
1007,2013,Latvia,0.01109317783266306
1008,2013,Lithuania,-0.16410404443740845
1009,2013,Malta,-0.07676039636135101
1010,2013,Moldova,0.044835060834884644
1011,2013,Montenegro,-0.09707533568143845
1012,2013,Netherlands,-0.046008676290512085
1013,2013,North Macedonia,-0.08702465146780014
1014,2013,Norway,0.12582041323184967
1015,2013,Romania,0.08060567080974579
1016,2013,Russia,-0.058886364102363586
1017,2013,San Marino,-0.0015531823737546802
1018,2013,Serbia,-0.00018106686184182763
1019,2013,Slovenia,-0.06309645622968674
1020,2013,Spain,0.06590673327445984
1021,2013,Sweden,-0.05685561150312424
1022,2013,Switzerland,-0.25958672165870667
1023,2013,Ukraine,0.1782904416322708
1024,2013,United Kingdom,0.011728676967322826
1025,2014,Albania,-0.12715069949626923
1026,2014,Armenia,-0.06203821301460266
1027,2014,Austria,-0.10422106832265854
1028,2014,Azerbaijan,0.026381932199001312
1029,2014,Belarus,0.013563184067606926
1030,2014,Belgium,-0.11690524965524673
1031,2014,Denmark,-0.07174890488386154
1032,2014,Estonia,-0.04663992300629616
1033,2014,Finland,-0.056784871965646744
1034,2014,France,-0.1390116661787033
1035,2014,Georgia,-0.1297006607055664
1036,2014,Germany,-0.07252772897481918
1037,2014,Greece,-0.08964621275663376
1038,2014,Hungary,-0.05932167172431946
1039,2014,Iceland,-0.07411546260118484
1040,2014,Ireland,-0.12022516131401062
1041,2014,Israel,-0.12424585223197937
1042,2014,Italy,-0.17887112498283386
1043,2014,Latvia,-0.09577232599258423
1044,2014,Lithuania,-0.04181991145014763
1045,2014,Malta,-0.14774556457996368
1046,2014,Moldova,-0.07347527146339417
1047,2014,Montenegro,0.02325483039021492
1048,2014,Netherlands,-0.02983074076473713
1049,2014,North Macedonia,-0.1168425977230072
1050,2014,Norway,0.057033319026231766
1051,2014,Poland,-0.1153191551566124
1052,2014,Portugal,0.007095341105014086
1053,2014,Romania,0.03855618089437485
1054,2014,Russia,-0.09415925294160843
1055,2014,San Marino,0.10474488884210587
1056,2014,Slovenia,0.026598233729600906
1057,2014,Spain,-0.07080642133951187
1058,2014,Sweden,0.039963316172361374
1059,2014,Switzerland,-0.1554410308599472
1060,2014,Ukraine,-0.02849898301064968
1061,2014,United Kingdom,0.07145501673221588
1062,2015,Albania,-0.052972253412008286
1063,2015,Armenia,-0.05506839230656624
1064,2015,Australia,-0.011983760632574558
1065,2015,Austria,-0.04372250661253929
1066,2015,Azerbaijan,0.01936320960521698
1067,2015,Belarus,-0.06983618438243866
1068,2015,Belgium,-0.006020680535584688
1069,2015,Cyprus,-0.09540023654699326
1070,2015,Czech Republic,-0.0627698004245758
1071,2015,Denmark,-0.18863795697689056
1072,2015,Estonia,0.01859916001558304
1073,2015,Finland,-0.18105009198188782
1074,2015,France,-0.050575751811265945
1075,2015,Georgia,0.0020703375339508057
1076,2015,Germany,-0.050906047224998474
1077,2015,Greece,-0.13318483531475067
1078,2015,Hungary,-0.14130231738090515
1079,2015,Iceland,0.06872285902500153
1080,2015,Ireland,0.016779080033302307
1081,2015,Israel,0.0731109231710434
1082,2015,Italy,0.08214341104030609
1083,2015,Latvia,0.07235690951347351
1084,2015,Lithuania,0.11378747224807739
1085,2015,Malta,-0.030051741749048233
1086,2015,Moldova,-0.024632079526782036
1087,2015,Montenegro,-0.04232264682650566
1088,2015,Netherlands,0.013951286673545837
1089,2015,North Macedonia,-0.1895640343427658
1090,2015,Norway,0.01729733496904373
1091,2015,Poland,0.03519485890865326
1092,2015,Portugal,-0.0890967845916748
1093,2015,Romania,-0.0629679337143898
1094,2015,Russia,-0.07970923185348511
1095,2015,San Marino,-0.012332544662058353
1096,2015,Serbia,0.04482447728514671
1097,2015,Slovenia,0.03350410610437393
1098,2015,Spain,-0.06802475452423096
1099,2015,Sweden,0.12202294915914536
1100,2015,Switzerland,0.06081322580575943
1101,2015,United Kingdom,-0.10568055510520935
1102,2016,Albania,0.06689990311861038
1103,2016,Armenia,0.052435021847486496
1104,2016,Australia,0.04411005228757858
1105,2016,Austria,-0.008187970146536827
1106,2016,Azerbaijan,0.08259829133749008
1107,2016,Belarus,0.015535645186901093
1108,2016,Belgium,-0.04211903363466263
1109,2016,Bosnia & Herzegovina,0.016036435961723328
1110,2016,Bulgaria,0.041520677506923676
1111,2016,Croatia,-0.04131532832980156
1112,2016,Cyprus,-0.10584395378828049
1113,2016,Czech Republic,-0.06179795786738396
1114,2016,Denmark,-0.07445459067821503
1115,2016,Estonia,-0.02313295751810074
1116,2016,Finland,-0.01123569905757904
1117,2016,France,-0.02904696576297283
1118,2016,Georgia,-0.075804702937603
1119,2016,Germany,0.0581727959215641
1120,2016,Greece,-0.015300718136131763
1121,2016,Hungary,-0.057008907198905945
1122,2016,Iceland,-0.04104140028357506
1123,2016,Ireland,-0.013295785523951054
1124,2016,Israel,-0.08610343933105469
1125,2016,Italy,-0.07426630705595016
1126,2016,Latvia,0.06300531327724457
1127,2016,Lithuania,-0.06912368535995483
1128,2016,Malta,-0.07593817263841629
1129,2016,Moldova,0.06094854697585106
1130,2016,Montenegro,0.024015076458454132
1131,2016,Netherlands,0.0036633952986449003
1132,2016,North Macedonia,0.07308480143547058
1133,2016,Norway,-0.018687142059206963
1134,2016,Poland,0.025528788566589355
1135,2016,Russia,0.044490668922662735
1136,2016,San Marino,-0.06862449645996094
1137,2016,Serbia,0.058824438601732254
1138,2016,Slovenia,-0.10169070214033127
1139,2016,Spain,-0.05284109711647034
1140,2016,Sweden,-0.106532022356987
1141,2016,Switzerland,-0.03787236288189888
1142,2016,Ukraine,0.10202015191316605
1143,2016,United Kingdom,-0.08694687485694885
1144,2017,Albania,-0.12421461939811707
1145,2017,Armenia,0.03545968979597092
1146,2017,Australia,-0.055390916764736176
1147,2017,Austria,-0.004849346820265055
1148,2017,Azerbaijan,-0.017151663079857826
1149,2017,Belarus,-0.024834036827087402
1150,2017,Belgium,0.02723044343292713
1151,2017,Bulgaria,0.003975271712988615
1152,2017,Croatia,-0.14029738306999207
1153,2017,Cyprus,-0.1091204509139061
1154,2017,Czech Republic,-0.03109418787062168
1155,2017,Denmark,-0.08018165081739426
1156,2017,Estonia,0.0487905889749527
1157,2017,Finland,-0.03730430454015732
1158,2017,France,0.07019084692001343
1159,2017,Georgia,-0.016514519229531288
1160,2017,Germany,-0.13647058606147766
1161,2017,Greece,-0.05545838549733162
1162,2017,Hungary,-0.05581780523061752
1163,2017,Iceland,0.050873637199401855
1164,2017,Ireland,-0.10696564614772797
1165,2017,Israel,0.07097454369068146
1166,2017,Italy,-0.1515686959028244
1167,2017,Latvia,-0.06449858844280243
1168,2017,Lithuania,-0.052844446152448654
1169,2017,Malta,-0.052249740809202194
1170,2017,Moldova,-0.010521850548684597
1171,2017,Montenegro,-0.057682789862155914
1172,2017,Netherlands,-0.02718059904873371
1173,2017,North Macedonia,0.06621906161308289
1174,2017,Norway,-0.08756527304649353
1175,2017,Poland,-0.06827086955308914
1176,2017,Portugal,-0.03195052221417427
1177,2017,Romania,0.05684226378798485
1178,2017,San Marino,0.00741366483271122
1179,2017,Serbia,0.08800163120031357
1180,2017,Slovenia,-0.07881736755371094
1181,2017,Spain,-0.04420771449804306
1182,2017,Sweden,0.0428462028503418
1183,2017,Switzerland,0.01817656308412552
1184,2017,Ukraine,-0.06933320313692093
1185,2017,United Kingdom,-0.0652836263179779
1186,2018,Albania,-0.011386864818632603
1187,2018,Armenia,-0.029977258294820786
1188,2018,Australia,-0.023909946903586388
1189,2018,Austria,0.07708847522735596
1190,2018,Azerbaijan,-0.09901367127895355
1191,2018,Belarus,-0.09334225952625275
1192,2018,Belgium,0.028898602351546288
1193,2018,Bulgaria,0.0379883348941803
1194,2018,Croatia,0.1288117617368698
1195,2018,Cyprus,0.16035647690296173
1196,2018,Czech Republic,0.04722084477543831
1197,2018,Denmark,-0.09481946378946304
1198,2018,Estonia,0.11548838019371033
1199,2018,Finland,0.044147051870822906
1200,2018,France,0.05973805859684944
1201,2018,Georgia,-0.06408949941396713
1202,2018,Germany,-0.13052992522716522
1203,2018,Greece,0.060179486870765686
1204,2018,Hungary,-0.06749799847602844
1205,2018,Iceland,0.0032602192368358374
1206,2018,Ireland,0.006281233858317137
1207,2018,Israel,0.016075093299150467
1208,2018,Italy,0.0003991560952272266
1209,2018,Latvia,0.010830918326973915
1210,2018,Lithuania,-0.08346863090991974
1211,2018,Malta,-0.026305170729756355
1212,2018,Moldova,-0.03648999705910683
1213,2018,Montenegro,0.0974862277507782
1214,2018,Netherlands,0.0773375928401947
1215,2018,North Macedonia,0.03368642181158066
1216,2018,Norway,0.03924147039651871
1217,2018,Poland,0.012688233517110348
1218,2018,Portugal,-0.12649279832839966
1219,2018,Romania,-0.11565878242254257
1220,2018,Russia,-0.030892038717865944
1221,2018,San Marino,0.12419405579566956
1222,2018,Serbia,-0.1473424732685089
1223,2018,Slovenia,0.03376089036464691
1224,2018,Spain,-0.021638313308358192
1225,2018,Sweden,0.01062240730971098
1226,2018,Switzerland,0.11577439308166504
1227,2018,Ukraine,-0.016129208728671074
1228,2018,United Kingdom,0.01052868366241455
1229,2019,Albania,0.06499695032835007
1230,2019,Armenia,0.0777101069688797
1231,2019,Australia,0.08501280844211578
1232,2019,Austria,0.012473708018660545
1233,2019,Azerbaijan,-0.08784452080726624
1234,2019,Belarus,0.09102042764425278
1235,2019,Belgium,0.04548265039920807
1236,2019,Croatia,-0.11154748499393463
1237,2019,Cyprus,-0.0032084130216389894
1238,2019,Czech Republic,0.1068294420838356
1239,2019,Denmark,-0.06149269640445709
1240,2019,Estonia,0.03071095421910286
1241,2019,Finland,-0.057703647762537
1242,2019,France,-0.09416154772043228
1243,2019,Georgia,-0.04064974561333656
1244,2019,Germany,-0.001116158557124436
1245,2019,Greece,0.080368772149086
1246,2019,Hungary,-0.0037426427006721497
1247,2019,Iceland,-0.13928551971912384
1248,2019,Ireland,-0.1554373949766159
1249,2019,Israel,-0.026981040835380554
1250,2019,Italy,0.04125459864735603
1251,2019,Latvia,-0.029683176428079605
1252,2019,Lithuania,0.1292487531900406
1253,2019,Malta,-0.01890108361840248
1254,2019,Moldova,-0.014463274739682674
1255,2019,Montenegro,0.08129941672086716
1256,2019,Netherlands,-0.03341536596417427
1257,2019,North Macedonia,-0.08382536470890045
1258,2019,Norway,0.018180442973971367
1259,2019,Poland,0.0469968318939209
1260,2019,Portugal,-0.09025641530752182
1261,2019,Romania,0.09792065620422363
1262,2019,Russia,-0.13690811395645142
1263,2019,San Marino,-0.17475338280200958
1264,2019,Serbia,-0.0823657214641571
1265,2019,Slovenia,-0.04986962676048279
1266,2019,Spain,-0.03538009151816368
1267,2019,Sweden,-0.04014027491211891
1268,2019,Switzerland,-0.09579458832740784
1269,2019,United Kingdom,-0.03219519928097725
